Rank,Feature,Total_gain,Gain_share
1,Fault,17947.16943359375,0.15784509403317137
2,BasePolicy,13558.416931152344,0.11924607963151902
3,PolicyType,10441.25106048584,0.09183065115446014
4,PastNumberOfClaims_num,8297.86328125,0.0729795868228473
5,DriverRating,7927.109375,0.0697188116119299
6,NumberOfSuppliments_num,7178.85400390625,0.06313791651044155
7,WeekOfMonth,6349.5283203125,0.05584400919010669
8,DayOfWeekClaimed,5666.679538726807,0.049838364091661355
9,AgeOfVehicle_num,4624.0771484375,0.04066869123916233
10,DayOfWeek,3398.727783203125,0.029891761401030347
11,AgeGroup,3369.8907356262207,0.029638139987176897
12,Year,3354.87939453125,0.029506115460664964
13,WeekOfMonthClaimed,3239.9873046875,0.028495641202194506
14,Make,2751.3678340911865,0.024198240067821324
15,AddressChange-Claim_num,2451.942138671875,0.021564795433318587
16,VehiclePrice_num,2258.662353515625,0.019864902535133
17,Age,1338.938232421875,0.0117759422723029
18,RepNumber,1175.097900390625,0.010334968936001132
19,AccidentMonth_num,1163.9114990234375,0.010236584698741334
20,MonthClaimed,1142.9614887237549,0.010052329662982909
21,Month,1085.3805313110352,0.009545905980353708
22,ClaimMonth_num,910.3294067382812,0.008006333886768927
23,Sex,666.1444931030273,0.005858731124291382
24,MonthDiff,664.5662841796875,0.005844850799773897
25,IsWeekend,594.4075317382812,0.0052278055928770975
26,AgeOfPolicyHolder_num,484.8033142089844,0.004263838094472544
27,Deductible,458.7520751953125,0.004034717826398591
28,MaritalStatus,385.44125843048096,0.0033899502596404997
29,AccidentArea,327.9348449707031,0.002884182189992792
30,VehicleCategory,193.7466983795166,0.0017039993931905252
31,Days:Policy-Claim_num,83.58460235595703,0.0007351253615461866
32,Days:Policy-Accident_num,81.42718505859375,0.0007161509078067755
33,PolicyTypeSimple,41.923192858695984,0.0003687138712005005
34,AgentType,32.52072250843048,0.00028601928127793913
35,PoliceReportFiled,30.896748065948486,0.0002717364496854974
36,IsLuxuryBrand,11.153799057006836,9.809750041613132e-05
37,IsWeekendClaim,5.672610759735107,4.989052909412878e-05
38,WitnessPresent,5.153505802154541,4.532500854529967e-05
39,NumberOfCars_num,0.0,0.0
