Rank,Feature,AUC_drop_mean,AUC_drop_std
1,Fault,0.17234429296979417,0.02512876918161582
2,BasePolicy,0.08263413143926379,0.009476241795821318
3,Year,0.03321800893573144,0.005565445156707318
4,PolicyType,0.025200290220338317,0.004275520472780773
5,Month,0.025033031656928984,0.001518904428878243
6,Age,0.010030167640432274,0.006973391671328362
7,MonthClaimed,0.00987054645434753,0.0033938767300010267
8,AgeOfVehicle,0.007358613052277807,0.001585352870079347
9,Deductible,0.005086493298201411,0.0007176331057731126
10,AddressChange-Claim,0.005071218543552103,0.0009454536398737893
11,RepNumber,0.004489250391415544,0.005735295405006858
12,PastNumberOfClaims,0.004014969259556245,0.0016530478226763111
13,DayOfWeekClaimed,0.003730858823080152,0.0031757506153678116
14,Make,0.0034811165845648473,0.004611508004321498
15,DriverRating,0.0034681330431129975,0.0006436655466178973
16,PoliceReportFiled,0.0015045633329514364,0.001253188664632325
17,NumberOfSuppliments,0.001324321228090275,0.0030547937867706322
18,AccidentArea,0.0009539084278459064,0.0014704746165988308
19,AgentType,0.0007690838965898949,0.001814338675038501
20,DayOfWeek,0.0002978577156604434,0.002246333016144585
21,WeekOfMonth,0.0002008630236377096,0.0021804860728708974
22,Days:Policy-Accident,2.2148394241416902e-05,0.0003318121842004844
23,Days:Policy-Claim,2.0620918776503848e-05,4.159391699454901e-05
24,NumberOfCars,-0.0001626761370145946,0.0005126415658539324
25,WitnessPresent,-0.0004315118188414235,0.00011417815242468572
26,VehicleCategory,-0.0011631725665406823,0.0012156358571492679
27,VehiclePrice,-0.0013479970977965828,0.0017373161735634692
28,Sex,-0.0014308626417687486,0.002400895111975024
29,WeekOfMonthClaimed,-0.002017795089166441,0.0036866424896209874
30,AgeOfPolicyHolder,-0.002699049146523147,0.002179197378261836
31,MaritalStatus,-0.0027479283614006977,0.001404327830700199
