Encoded_feature,Engineered_field
cat__Month_Apr,Month
cat__Month_Aug,Month
cat__Month_Dec,Month
cat__Month_Feb,Month
cat__Month_Jan,Month
cat__Month_Jul,Month
cat__Month_Jun,Month
cat__Month_Mar,Month
cat__Month_May,Month
cat__Month_Nov,Month
cat__Month_Oct,Month
cat__Month_Sep,Month
cat__DayOfWeek_Friday,DayOfWeek
cat__DayOfWeek_Monday,DayOfWeek
cat__DayOfWeek_Saturday,DayOfWeek
cat__DayOfWeek_Sunday,DayOfWeek
cat__DayOfWeek_Thursday,DayOfWeek
cat__DayOfWeek_Tuesday,DayOfWeek
cat__DayOfWeek_Wednesday,DayOfWeek
cat__Make_Accura,Make
cat__Make_BMW,Make
cat__Make_Chevrolet,Make
cat__Make_Dodge,Make
cat__Make_Ferrari,Make
cat__Make_Ford,Make
cat__Make_Honda,Make
cat__Make_Jaguar,Make
cat__Make_Lexus,Make
cat__Make_Mazda,Make
cat__Make_Mecedes,Make
cat__Make_Mercury,Make
cat__Make_Nisson,Make
cat__Make_Pontiac,Make
cat__Make_Porche,Make
cat__Make_Saab,Make
cat__Make_Saturn,Make
cat__Make_Toyota,Make
cat__Make_VW,Make
cat__AccidentArea_Rural,AccidentArea
cat__AccidentArea_Urban,AccidentArea
cat__DayOfWeekClaimed_0,DayOfWeekClaimed
cat__DayOfWeekClaimed_Friday,DayOfWeekClaimed
cat__DayOfWeekClaimed_Monday,DayOfWeekClaimed
cat__DayOfWeekClaimed_Saturday,DayOfWeekClaimed
cat__DayOfWeekClaimed_Sunday,DayOfWeekClaimed
cat__DayOfWeekClaimed_Thursday,DayOfWeekClaimed
cat__DayOfWeekClaimed_Tuesday,DayOfWeekClaimed
cat__DayOfWeekClaimed_Wednesday,DayOfWeekClaimed
cat__MonthClaimed_0,MonthClaimed
cat__MonthClaimed_Apr,MonthClaimed
cat__MonthClaimed_Aug,MonthClaimed
cat__MonthClaimed_Dec,MonthClaimed
cat__MonthClaimed_Feb,MonthClaimed
cat__MonthClaimed_Jan,MonthClaimed
cat__MonthClaimed_Jul,MonthClaimed
cat__MonthClaimed_Jun,MonthClaimed
cat__MonthClaimed_Mar,MonthClaimed
cat__MonthClaimed_May,MonthClaimed
cat__MonthClaimed_Nov,MonthClaimed
cat__MonthClaimed_Oct,MonthClaimed
cat__MonthClaimed_Sep,MonthClaimed
cat__Sex_Female,Sex
cat__Sex_Male,Sex
cat__MaritalStatus_Divorced,MaritalStatus
cat__MaritalStatus_Married,MaritalStatus
cat__MaritalStatus_Single,MaritalStatus
cat__MaritalStatus_Widow,MaritalStatus
cat__Fault_Policy Holder,Fault
cat__Fault_Third Party,Fault
cat__PolicyType_Sedan - All Perils,PolicyType
cat__PolicyType_Sedan - Collision,PolicyType
cat__PolicyType_Sedan - Liability,PolicyType
cat__PolicyType_Sport - All Perils,PolicyType
cat__PolicyType_Sport - Collision,PolicyType
cat__PolicyType_Sport - Liability,PolicyType
cat__PolicyType_Utility - All Perils,PolicyType
cat__PolicyType_Utility - Collision,PolicyType
cat__PolicyType_Utility - Liability,PolicyType
cat__VehicleCategory_Sedan,VehicleCategory
cat__VehicleCategory_Sport,VehicleCategory
cat__VehicleCategory_Utility,VehicleCategory
cat__PoliceReportFiled_No,PoliceReportFiled
cat__PoliceReportFiled_Yes,PoliceReportFiled
cat__WitnessPresent_No,WitnessPresent
cat__WitnessPresent_Yes,WitnessPresent
cat__AgentType_External,AgentType
cat__AgentType_Internal,AgentType
cat__BasePolicy_All Perils,BasePolicy
cat__BasePolicy_Collision,BasePolicy
cat__BasePolicy_Liability,BasePolicy
cat__AgeGroup_Adult,AgeGroup
cat__AgeGroup_Elderly,AgeGroup
cat__AgeGroup_Middle,AgeGroup
cat__AgeGroup_Senior,AgeGroup
cat__AgeGroup_Young,AgeGroup
cat__PolicyTypeSimple_Sedan,PolicyTypeSimple
cat__PolicyTypeSimple_Sport,PolicyTypeSimple
cat__PolicyTypeSimple_Utility,PolicyTypeSimple
remainder__WeekOfMonth,WeekOfMonth
remainder__WeekOfMonthClaimed,WeekOfMonthClaimed
remainder__Age,Age
remainder__RepNumber,RepNumber
remainder__Deductible,Deductible
remainder__DriverRating,DriverRating
remainder__Year,Year
remainder__AgeOfVehicle_num,AgeOfVehicle_num
remainder__AgeOfPolicyHolder_num,AgeOfPolicyHolder_num
remainder__VehiclePrice_num,VehiclePrice_num
remainder__Days:Policy-Accident_num,Days:Policy-Accident_num
remainder__Days:Policy-Claim_num,Days:Policy-Claim_num
remainder__PastNumberOfClaims_num,PastNumberOfClaims_num
remainder__NumberOfSuppliments_num,NumberOfSuppliments_num
remainder__AddressChange-Claim_num,AddressChange-Claim_num
remainder__NumberOfCars_num,NumberOfCars_num
remainder__AccidentMonth_num,AccidentMonth_num
remainder__ClaimMonth_num,ClaimMonth_num
remainder__MonthDiff,MonthDiff
remainder__IsWeekend,IsWeekend
remainder__IsWeekendClaim,IsWeekendClaim
remainder__IsLuxuryBrand,IsLuxuryBrand
