Rank,Feature,Chinese_meaning,AUC_drop_mean,AUC_drop_std
1,Fault,事故责任方,0.1723442929697941,0.0251287691816158
2,BasePolicy,基础险种,0.0826341314392637,0.0094762417958213
3,Year,年份,0.0332180089357314,0.0055654451567073
4,PolicyType,保单类型,0.0252002902203383,0.0042755204727807
5,Month,事故月份,0.0250330316569289,0.0015189044288782
6,Age,驾驶员年龄,0.0100301676404322,0.0069733916713283
7,MonthClaimed,报案月份,0.0098705464543475,0.003393876730001
8,AgeOfVehicle,车龄,0.0073586130522778,0.0015853528700793
9,Deductible,免赔额,0.0050864932982014,0.0007176331057731
10,AddressChange-Claim,地址变更至报案时间,0.0050712185435521,0.0009454536398737
